peptide,HLA-A*02:01,HLA-B*07:02,HLA-C*07:02
ADGVGKSA,30113.83373,27834.34755,21587.84419
ADGVGKSAL,16006.73905,6970.875068,5865.693687
ADGVGKSALT,27274.87017,27761.23806,24703.31142
ADGVGKSALTI,21767.74779,21550.79937,19397.3883
DGVGKSAL,27583.13138,13884.29039,14788.98748
DGVGKSALT,24207.67578,26712.98564,23917.15728
DGVGKSALTI,21129.71828,22200.53144,21577.55901
DGVGKSALTIQ,28209.76943,29435.33223,20122.37256
EYKLVVVGAD,32888.94563,32857.01063,29736.7637
EYKLVVVGADG,33134.00104,32704.84386,28570.07355
GADGVGKS,29200.77064,29781.00589,23237.82178
GADGVGKSA,6190.569448,5950.495824,4100.587015
GADGVGKSAL,5129.006517,830.7124052,1023.490119
GADGVGKSALT,20292.19166,25619.17683,16425.94597
KLVVVGAD,32256.04647,33663.66623,31631.97925
KLVVVGADG,14960.15325,31178.1549,28254.51694
KLVVVGADGV,110.7806848,29812.09808,27289.74674
KLVVVGADGVG,20625.91728,31239.70766,25660.97416
LVVVGADG,31163.4317,33082.85385,30593.37835
LVVVGADGV,726.9938208,24609.89606,23282.93075
LVVVGADGVG,24892.84165,29650.59779,26237.5609
LVVVGADGVGK,11072.1129,20746.00754,4754.551209
TEYKLVVVGAD,30722.07842,32592.13965,25011.06141
VGADGVGK,22464.31528,25587.58409,7931.986384
VGADGVGKS,22191.86703,27440.65408,15203.85627
VGADGVGKSA,12103.40481,12534.94264,3420.799267
VGADGVGKSAL,7063.466084,1111.707405,382.7003894
VVGADGVG,30112.19115,31899.61124,27759.69348
VVGADGVGK,12125.21766,20182.21442,5314.167062
VVGADGVGKS,22058.54474,29300.77639,23499.72692
VVGADGVGKSA,12593.30194,21261.6924,14306.21632
VVVGADGV,25314.65253,31937.74931,29100.48643
VVVGADGVG,21759.20257,27643.45495,22236.74269
VVVGADGVGK,7004.441856,16692.5792,2296.031958
VVVGADGVGKS,17341.70383,27681.16779,16979.21116
YKLVVVGAD,31156.16225,32876.89478,27821.81085
YKLVVVGADG,32019.47694,32641.02961,28471.08879
YKLVVVGADGV,28623.53176,32150.85047,25923.10902
